,languages
"English,",4961
"Spanish,",1329
"Japanese,",952
"French,",907
"Turkish,",829
"Italian,",571
"Korean,",564
"Mandarin,",524
"Russian,",524
"Hindi,",466
"German,",362
"Portuguese,",362
"Tamil,",272
"English,Spanish,",265
"Dutch,",243
"Thai,",242
"Chinese,",205
"Malayalam,",196
"Punjabi,",179
"Polish,",177
"Arabic,",175
"Czech,",173
"French,English,",147
"Telugu,",145
"Cantonese,",136
"English,French,",131
"Norwegian,",115
"Finnish,",105
"Filipino,Tagalog,",101
"Spanish,English,",94
"Danish,",94
"Swedish,",93
"Vietnamese,",71
"Romanian,",71
"Hindi,English,",66
"Cantonese,Mandarin,",60
"Mandarin,Cantonese,",55
"Hungarian,",55
"English,German,",53
"Bulgarian,",52
"English,Russian,",52
"Mandarin,English,",52
"German,English,",52
"Russian,English,",50
"Icelandic,",49
"Japanese,English,",49
"Afrikaans,English,",48
"Lithuanian,",48
"Afrikaans,",48
"Greek,",48
"Serbian,",47
"English,Japanese,",45
"English,Mandarin,",39
"English,Italian,",35
"Korean,English,",35
"Tagalog,Filipino,",31
"French,Arabic,",30
"Slovenian,",28
"English,Arabic,",28
"Urdu,",28
"Filipino,Tagalog,English,",27
"Persian,",27
"Ukrainian,",25
"Catalan,",24
"French,Spanish,",23
"Slovak,",23
"Korean,Japanese,",22
"Croatian,",22
"English,Korean,",22
"Spanish,Catalan,",22
"Kannada,",22
"Italian,English,",21
"English,Ukrainian,",21
"English,Hindi,",20
"Norwegian,English,",20
"Hebrew,",19
"English,Hebrew,",19
"Basque,",18
"English,Chinese,",18
"Chinese,English,",18
"Tamil,Telugu,",18
"English,French,German,",18
"English,Portuguese,",18
"Polish,English,",17
"Catalan,Spanish,",17
"French,German,",16
"Mandarin,Min Nan,",16
"Russian,German,",16
"Dutch,English,",16
"Turkish,English,",15
"Spanish,French,",15
"None,",14
"English,Latin,",14
"Arabic,English,",14
"English,Afrikaans,",14
"German,French,",13
"French,Italian,",13
"Malay,",12
"German,Turkish,",12
"Czech,Slovak,",12
"Italian,French,",12
"Marathi,",12
"Portuguese,Spanish,",12
"Cantonese,English,",12
"Indonesian,",12
"English,French,Italian,",12
"English,Thai,",12
"Danish,English,",11
"Chinese,Mandarin,",11
"English,Dutch,",11
"Swedish,English,",11
"Korean,Mandarin,",11
"Portuguese,English,",11
"Spanish,Portuguese,",10
"Spanish,Guarani,",10
"Nepali,",10
"Finnish,Swedish,",10
"Cantonese,Mandarin,English,",10
"Arabic,French,",10
"Bengali,",10
"English,Turkish,",10
"Norwegian,Swedish,",10
"Hindi,Urdu,",9
"English,Swedish,",9
"French,English,Spanish,",9
"Bulgarian,English,",9
"Gujarati,",9
"Flemish,Dutch,",9
"English,American Sign Language,",9
"Turkish,Kurdish,",9
"English,Maori,",9
"Mandarin,Chinese,",9
"German,Russian,",9
"Spanish,German,",8
"English,German,French,",8
"Russian,Ukrainian,",8
"Thai,English,",8
"French,Italian,English,",8
"French,English,Italian,",8
"English,Norwegian,",8
"Ukrainian,Russian,",8
"German,French,English,",8
"Russian,French,",8
"Finnish,English,",8
"Hindi,Punjabi,",8
"Telugu,Tamil,",7
"Dutch,Flemish,",7
"Japanese,Korean,",7
"Tamil,Hindi,",7
"French,English,German,",7
"French,English,Arabic,",7
"Mandarin,Cantonese,English,",7
"English,Spanish,German,",7
"Polish,German,",7
"Slovak,Czech,",7
"Hungarian,English,",7
"English,Greek,",7
"English,Spanish,French,",7
"Spanish,English,French,",7
"English,French,Spanish,",7
"Georgian,",7
"Serbian,English,",6
"Swiss German,",6
"French,Arabic,English,",6
"English,Cantonese,",6
"English,Danish,",6
"Vietnamese,English,",6
"English,Irish Gaelic,",6
"Estonian,",6
"Arabic,Hebrew,",6
"English,French,Latin,",6
"Greek,English,",6
"Zulu,",6
"Dutch,French,",6
"English,Indonesian,",6
"English,Serbian,",6
"Italian,French,English,",6
"English,Hungarian,",6
"English,Aboriginal,",6
"Czech,English,",6
"Hindi,Tamil,",5
"Kurdish,",5
"English,Welsh,",5
"Mandarin,Hokkien,",5
"Italian,Romanian,",5
"Turkish,German,",5
"Romanian,English,",5
"Spanish,Italian,",5
"English,Mandarin,Spanish,",5
"Danish,Arabic,",5
"French,German,English,",5
"Portuguese,French,",5
"Danish,Swedish,",5
"Hindi,Marathi,English,",5
"English,Gaelic,",5
"Bosnian,",5
"Min Nan,Mandarin,",5
"English,French,Russian,",5
"Urdu,Pashtu,",5
"Galician,",5
"French,Russian,",5
"French,Latin,",5
"English,Persian,",5
"Tagalog,",5
"English,Italian,French,",5
"English,Mandarin,Cantonese,",5
"Mandarin,Japanese,",5
"English,Zulu,",5
"French,Bambara,",5
"French,Spanish,English,",5
"Latvian,",5
"Italian,Neapolitan,",5
"Italian,German,",5
"Spanish,Galician,",4
"English,Japanese,Spanish,",4
"German,Polish,",4
"English,Vietnamese,",4
"Punjabi,Hindi,",4
"English,Japanese,French,",4
"Flemish,French,Dutch,",4
"Ukrainian,English,",4
"English,Italian,Spanish,",4
"English,Urdu,",4
"English,Czech,",4
"French,English,Japanese,",4
"Arabic,French,English,",4
"English,Russian,French,",4
"English,Russian,Spanish,",4
"Swiss German,German,",4
"English,German,Spanish,",4
"German,English,Italian,",4
"French,Portuguese,",4
"English,German,Italian,",4
"Armenian,",4
"Kurdish,Turkish,",4
"French,English,Chinese,",4
"English,Yiddish,",4
"Czech,German,",4
"Dutch,English,French,",4
"Cantonese,English,Mandarin,",4
"Spanish,Arabic,",4
"Hebrew,Arabic,",4
"French,English,Russian,",4
"Turkish,Arabic,",4
"English,Polish,",4
"Tibetan,",4
"French,Lingala,",4
"Swedish,Danish,",4
"Spanish,Basque,",4
"Spanish,English,Basque,",4
"Chinese,Cantonese,",4
"French,Japanese,",4
"German,Spanish,",4
"English,Punjabi,",4
"Swedish,Finnish,",4
"Hungarian,Romanian,",3
"English,Romanian,",3
"German,Russian,English,",3
"French,Hebrew,",3
"Portuguese,English,French,German,Mandarin,",3
"Hungarian,German,",3
"English,Spanish,Italian,",3
"English,Klingon,",3
"English,Portuguese,French,",3
"Swahili,",3
"English,Afrikaans,Zulu,",3
"Romanian,Hungarian,",3
"English,Sign Languages,",3
"Korean,English,Spanish,",3
"Spanish,French,English,",3
"German,Italian,English,",3
"German,English,Spanish,French,",3
"Filipino,English,",3
"Hindi,Tamil,Telugu,",3
"English,Dutch,French,",3
"Arabic,Turkish,",3
"Yakut,",3
"English,Central Khmer,",3
"English,Armenian,",3
"German,Italian,",3
"Albanian,",3
"Czech,French,",3
"Swedish,Norwegian,",3
"Hindi,Marathi,",3
"Korean,Chinese,",3
"English,German,Russian,",3
"Mandarin,English,Cantonese,",3
"Catalan,English,",3
"English,Arabic,French,",3
"French,Flemish,",3
"Macedonian,",3
"Spanish,Mandarin,",3
"English,Samoan,",3
"Filipino,",3
"English,Finnish,",3
"Norwegian,Danish,",3
"Turkish,French,",3
"Portuguese,Spanish,English,",3
"Japanese,Mandarin,",3
"Basque,Spanish,",3
"Spanish,Nahuatl,",3
"Greek,Russian,",3
"Sotho,",3
"Zulu,English,",3
"English,Filipino,Tagalog,",3
"Croatian,German,",3
"English,Somali,",3
"Lithuanian,English,",3
"American Sign Language,English,",3
"Russian,English,French,",3
"French,Russian,English,",3
"Mandarin,English,Japanese,",3
"Dutch,German,English,",3
"Icelandic,English,",3
"Italian,Arabic,",3
"English,German,Hebrew,",3
"Hindi,Punjabi,English,",3
"Mandarin,Cantonese,Japanese,",3
"Dutch,German,",3
"French,Italian,English,Arabic,",3
"Urdu,Hindi,",3
"Spanish,English,Catalan,",3
"Japanese,Hindi,",3
"Cantonese,Thai,",3
"Romanian,French,",3
"English,Arabic,Hebrew,",3
"German,Hungarian,",3
"Persian,English,",3
"French,Chinese,",3
"English,French,Ukrainian,",3
"French,Romanian,",3
"Norwegian,English,French,",3
"English,Slovak,French,",2
"Greek,French,",2
"French,Bengali,",2
"English,Bulgarian,",2
"English,Micmac,",2
"Slovak,Hungarian,",2
"Italian,Russian,",2
"English,Catalan,Spanish,",2
"English,Russian,Chinese,",2
"German,French,Latin,",2
"Russian,German,English,",2
"Mandarin,Korean,English,",2
"German,English,Turkish,",2
"Italian,Turkish,",2
"Spanish,Arabic,English,",2
"Afrikaans,English,Zulu,",2
"Malay,English,",2
"Italian,Russian,Latin,",2
"English,Spanish,Russian,",2
"Slovenian,Italian,",2
"Finnish,Russian,",2
"English,Ukrainian,Russian,",2
"English,Spanish,Russian,Italian,",2
"English,Turkish,Arabic,",2
"Galician,Spanish,",2
"Hindi,Japanese,",2
"English,Cantonese,Mandarin,",2
"Turkish,French,English,",2
"Cantonese,Japanese,English,",2
"Spanish,English,Portuguese,",2
"French,Korean,",2
"Norwegian,German,",2
"English,Akan,",2
"German,Italian,Latin,",2
"None,English,",2
"Romanian,German,",2
"Hindi,English,Marathi,",2
"Italian,Sardinian,",2
"Persian,German,",2
"Czech,Polish,",2
"Russian,Japanese,",2
"Mandarin,English,Japanese,French,",2
"French,Vietnamese,",2
"Aboriginal,Japanese,Hokkien,",2
"English,Serbo-Croatian,",2
"Urdu,Punjabi,",2
"German,Norwegian,English,",2
"Turkish,German,English,",2
"Portuguese,English,Spanish,Italian,",2
"Norwegian,Swedish,English,",2
"French,Persian,",2
"Indonesian,English,",2
"Filipino,Tagalog,English,Spanish,",2
"Mandarin,English,French,",2
"English,French,German,Italian,",2
"Korean,English,French,",2
"Chinese,English,Japanese,",2
"German,English,Russian,",2
"English,Sioux,",2
"Mandarin,Russian,",2
"Mandarin,Japanese,English,",2
"French,English,Latin,",2
"Turkish,Greek,English,",2
"Yakut,Russian,",2
"English,Greek,Turkish,",2
"English,French,Greek,",2
"Bengali,English,",2
"English,Yoruba,",2
"Mandarin,Thai,",2
"Filipino,Tagalog,English,French,",2
"Romanian,Italian,",2
"Greenlandic,Danish,",2
"Spanish,Catalan,Italian,",2
"English,Italian,French,Japanese,",2
"Danish,English,French,",2
"French,Portuguese,English,",2
"Italian,English,German,",2
"English,French,Japanese,",2
"Lithuanian,English,Russian,",2
"English,Arabic,French,Spanish,",2
"Italian,Mandarin,",2
"German,Bosnian,English,",2
"Korean,English,Mandarin,Japanese,",2
"English,Chinese,Arabic,",2
"English,Italian,Russian,",2
"English,French,Spanish,German,",2
"English,Spanish,Sanskrit,",2
"French,Wolof,",2
"French,English,Portuguese,",2
"English,Italian,Arabic,",2
"German,Greek,English,",2
"Korean,Hindi,",2
"Norwegian,English,German,",2
"English,Arabic,Persian,",2
"Japanese,Indonesian,English,",2
"Filipino,Tagalog,English,Japanese,",2
"Serbian,German,",2
"Kyrgyz,",2
"Portuguese,Cantonese,English,",2
"Portuguese,German,",2
"Telugu,English,",2
"Quechua,Spanish,",2
"Danish,Swedish,English,",2
"Filipino,Tagalog,Korean,",2
"Punjabi,English,",2
"Chinese,Japanese,",2
"English,Filipino,",2
"French,Russian,Hebrew,",2
"French,Mandarin,",2
"Hebrew,English,",2
"German,Arabic,",2
"Finnish,English,Czech,Swedish,Russian,",2
"French,Hebrew,English,",2
"English,Dutch,German,",2
"Spanish,English,German,",2
"Georgian,Russian,",2
"Arabic,Spanish,",2
"Russian,Hebrew,",2
"French,English,Icelandic,",2
"Polish,English,Spanish,",2
"Italian,Portuguese,",2
"English,Spanish,Latin,",2
"Tagalog,English,",2
"Punjabi,Haryanvi,",2
"English,Australian Sign Language,",2
"Russian,English,Spanish,",2
"Italian,Neapolitan,English,",2
"Greek,English,Turkish,",2
"Polish,German,Russian,",2
"Hungarian,Russian,",2
"Arabic,Hebrew,English,",2
"Malayalam,Tamil,",2
"English,Portuguese,Spanish,",2
"English,French,Arabic,",2
"English,Vietnamese,French,",2
"Korean,Mandarin,English,",2
"Mandarin,Tibetan,",2
"Cantonese,Chinese,",2
"Estonian,Russian,",2
"English,North American Indian,Spanish,",2
"English,Spanish,Quechua,",2
"English,Swahili,",2
"Tulu,",2
"Swedish,Spanish,English,Serbian,Arabic,",2
"Swedish,English,Polish,",2
"Mandarin,Shanghainese,",2
"Portuguese,Danish,English,",2
"Icelandic,English,German,",2
"Chinese,Mandarin,Cantonese,English,",2
"German,English,Spanish,",2
"English,Tamil,",2
"Urdu,English,",2
"German,English,Polish,",2
"English,Hindi,Spanish,",2
"Russian,Ukrainian,English,",2
"Catalan,Spanish,French,",2
"Hindi,Telugu,",2
"Danish,German,",2
"English,Italian,Latin,",2
"Hebrew,Italian,",2
"English,Norwegian,French,",2
"Greek,Turkish,",2
"Hindi,English,Punjabi,",2
"English,Hindi,Marathi,",2
"Spanish,Russian,",2
"Korean,English,German,",2
"Neapolitan,Italian,",2
"Italian,English,Dutch,German,",2
"Chinese,Tibetan,",2
"Polish,Romany,",2
"Basque,English,Spanish,",2
"Danish,Norwegian,",2
"Japanese,English,Korean,",2
"English,Latin,French,",2
"Spanish,Catalan,English,",2
"English,Mandarin,Russian,",2
"Spanish,Catalan,Portuguese,",2
"Russian,Yiddish,",2
"Japanese,English,Chinese,",2
"English,Spanish,Hindi,",2
"Telugu,Tamil,Hindi,",2
"Japanese,Min Nan,",2
"English,Spanish,Italian,French,",2
"English,Xhosa,",2
"Mandarin,Mongolian,",2
"Slovak,English,",2
"English,Hindi,French,",2
"Catalan,Spanish,English,",2
"Japanese,Latin,",1
"Spanish,English,Cantonese,",1
"Russian,Tatar,",1
"Hindi,Punjabi,Marathi,Gujarati,",1
"Cantonese,Mandarin,Min Nan,",1
"French,English,Ukrainian,Spanish,Italian,",1
"Swiss German,German,English,Italian,",1
"Norwegian,Spanish,Turkish,",1
"Italian,German,French,English,Spanish,",1
"Romanian,French,Spanish,English,German,",1
"French,Serbo-Croatian,",1
"English,Tamil,Hindi,Telugu,",1
"English,Hindi,Konkani,",1
"Spanish,French,English,Italian,German,",1
"English,Tswana,",1
"Persian,Turkish,English,",1
"English,Spanish,French,German,Lingala,Arabic,",1
"English,Japanese,Hokkien,Mandarin,",1
"English,Italian,Dutch,",1
"English,German,Abkhazian,Hindi,Japanese,",1
"French,German,English,Romany,",1
"Serbian,English,Arabic,",1
"German,Czech,Latin,",1
"French,Albanian,",1
"Mandarin,Cantonese,English,Hindi,",1
"Swedish,English,Russian,Arabic,",1
"English,Cantonese,Mandarin,Portuguese,",1
"Turkish,Georgian,",1
"Lao,Thai,",1
"English,Portuguese,Polish,Spanish,",1
"Bengali,English,Malay,",1
"Armenian,Russian,French,",1
"Finnish,English,Swedish,",1
"Malayalam,English,Tamil,",1
"French,German,Spanish,Russian,Catalan,",1
"French,Italian,German,English,",1
"Finnish,English,Russian,",1
"Norwegian,Danish,German,",1
"Hindi,English,Punjabi,Tamil,",1
"French,Italian,English,German,Greek,Spanish,",1
"Swedish,English,Arabic,",1
"Russian,German,Ukrainian,",1
"Mandarin,Arabic,English,",1
"English,Spanish,Flemish,",1
"Hindi,Gujarati,",1
"Russian,English,Georgian,Lithuanian,",1
"Malay,Vietnamese,English,",1
"Dutch,Flemish,French,English,Spanish,",1
"Cantonese,English,Mandarin,Italian,Klingon,",1
"Thai,Hmong,",1
"Spanish,German,English,French,",1
"Greek,English,German,",1
"Mandarin,English,Japanese,Portuguese,",1
"English,Russian,Hindi,Punjabi,",1
"Kodava,",1
"German,Norwegian,English,Russian,Danish,",1
"English,Russian,Afrikaans,",1
"English,French,Polish,",1
"Russian,Armenian,English,",1
"English,Hawaiian,Japanese,",1
"English,Afrikaans,French,",1
"Mandarin,Japanese,Cantonese,",1
"English,Japanese,Italian,French,",1
"Italian,English,French,German,",1
"English,French,Arabic,Spanish,",1
"English,Greek,French,",1
"Indonesian,German,",1
"Dutch,Norwegian,English,",1
"English,Polish,Cantonese,Italian,",1
"English,Spanish,Swiss German,",1
"Mandarin,English,Japanese,Italian,",1
"Italian,French,German,English,",1
"Central Khmer,Mandarin,Vietnamese,English,Thai,French,",1
"English,Norwegian,Latin,",1
"English,North American Indian,",1
"English,German,Hebrew,Latin,Italian,French,",1
"Russian,Latin,",1
"English,German,Arabic,Urdu,",1
"German,French,Persian,English,Italian,",1
"English,Spanish,French,German,Hebrew,",1
"English,Middle English,Old English,Latin,German,",1
"English,Russian,French,Persian,Korean,",1
"English,Dari,Russian,Spanish,Uzbek,",1
"English,Papiamento,",1
"Hindi,English,Urdu,Russian,",1
"English,Romany,Romanian,Ukrainian,",1
"Russian,German,English,Portuguese,French,Spanish,",1
"English,Vietnamese,Shoshoni,",1
"French,Kurdish,English,Arabic,",1
"Korean,English,Mandarin,",1
"Mandarin,Japanese,French,Russian,English,",1
"Spanish,German,Hebrew,",1
"Persian,Azerbaijani,Turkish,",1
"French,English,Bulgarian,",1
"English,Swedish,French,Vietnamese,Russian,Hebrew,",1
"Mandarin,English,Min Nan,",1
"German,English,Dutch,Albanian,",1
"Spanish,Guarani,Korean,",1
"Portuguese,Brazilian Sign Language,",1
"Spanish,French,German,",1
"Chinese,Mandarin,Korean,",1
"Spanish,French,English,Russian,",1
"German,Turkish,English,Mandarin,French,",1
"English,French,Swedish,",1
"German,English,Polish,Swedish,",1
"Xhosa,",1
"French,Dutch,",1
"Spanish,Hindi,English,Chinese,Tamil,Telugu,Japanese,",1
"Japanese,Chinese,English,Malay,",1
"French,Armenian,English,Russian,",1
"Mandarin,Central Khmer,",1
"Turkish,Persian,",1
"Thai,Central Khmer,",1
"English,Korean,Mandarin,",1
"French,English,Italian,German,Yiddish,",1
"English,French,Urdu,",1
"Serbian,Italian,",1
"French,Romanian,Flemish,",1
"Aboriginal,English,",1
"English,Spanish,Russian,French,",1
"English,Hebrew,German,",1
"English,Nyanja,Bemba,Tonga (Tonga Islands),",1
"Serbian,Spanish,English,",1
"Korean,Tagalog,English,",1
"Swedish,German,",1
"English,Tonga (Tonga Islands),",1
"Italian,Neapolitan,English,Latin,",1
"Spanish,Tzotzil,",1
"Danish,Thai,English,",1
"English,German,Scots,",1
"English,Saami,",1
"English,Japanese,Thai,Cantonese,Mandarin,",1
"English,Hindi,Bengali,Kannada,Telugu,Tamil,Assamese,Gujarati,Urdu,Oriya,Punjabi,Malayalam,Marathi,Rajasthani,Haryanvi,Nepali,",1
"English,French,Italian,Russian,Spanish,",1
"English,Chinese,Persian,",1
"English,Lingala,French,",1
"English,French,Gaelic,Latin,",1
"English,Portuguese,Spanish,Italian,French,",1
"French,Xhosa,English,",1
"French,Wolof,Arabic,Spanish,English,",1
"English,Spanish,Arabic,",1
"English,Portuguese,Swahili,French,",1
"Hindi,English,Russian,",1
"English,Spanish,Polish,",1
"Croatian,Bosnian,Albanian,Serbian,",1
"Polish,German,English,",1
"English,Apache languages,",1
"English,Pashtu,Arabic,",1
"English,Romanian,Spanish,",1
"English,German,Dutch,Danish,French,American Sign Language,",1
"Mandarin,Hmong,",1
"English,Spanish,Portuguese,",1
"English,Chinese,Japanese,",1
"English,Spanish,Arabic,Polish,Turkish,Russian,Italian,Persian,",1
"English,Spanish,Latin,Italian,",1
"Greek,English,Arabic,German,",1
"Russian,Central Khmer,French,",1
"English,Persian,Ukrainian,",1
"Portuguese,English,Polish,",1
"English,Spanish,Hungarian,",1
"Spanish,Mixtec,English,Japanese,German,French,Norwegian,",1
"English,Hebrew,Arabic,",1
"English,Russian,French,Lithuanian,German,",1
"English,Russian,Filipino,Ukrainian,",1
"English,Cantonese,Russian,Hindi,Spanish,",1
"Kannada,Hindi,Malayalam,Telugu,Tamil,",1
"French,Polish,Spanish,English,",1
"English,Spanish,Dutch,",1
"German,French,Russian,English,",1
"English,French,German,Arabic,",1
"English,Russian,Ukrainian,",1
"Swedish,German,Finnish,",1
"Thai,English,Mandarin,Cantonese,",1
"English,Japanese,Chinese,",1
"English,Portuguese,Arabic,",1
"English,German,Japanese,Serbian,",1
"English,French,German,Serbian,",1
"English,Russian,Korean,",1
"English,Hindi,Bengali,Urdu,",1
"Italian,German,Latin,English,Spanish,Polish,French,",1
"Italian,Russian,French,Arabic,",1
"Turkish,Swahili,",1
"Maori,English,",1
"French,English,Thai,Serbian,",1
"Korean,Japanese,English,",1
"Hokkien,Mandarin,Malay,",1
"Italian,Romanian,English,",1
"English,Danish,French,",1
"Russian,Spanish,Finnish,",1
"Yoruba,English,Ibo,Hausa,",1
"Catalan,Spanish,French,English,Russian,German,Swedish,Arabic,Italian,",1
"Low German,Dutch,",1
"Korean,Vietnamese,",1
"Romanian,English,Spanish,French,",1
"Turkish,Latvian,",1
"Arabic,English,Dutch,",1
"German,English,Polish,Russian,",1
"Russian,German,French,Yiddish,",1
"French,Wolof,Romanian,Norwegian,",1
"Danish,Swedish,English,Spanish,",1
"Dutch,Arabic,French,Turkish,English,",1
"Mandarin,Tagalog,English,Hokkien,",1
"English,Mandarin,Japanese,",1
"Montagnais,French,English,",1
"French,Polynesian,",1
"English,French,Flemish,Berber languages,",1
"Italian,English,Arabic,Hebrew,",1
"English,Spanish,French,Swahili,German,",1
"English,Hindi,Bengali,",1
"English,French,Italian,German,Hungarian,",1
"Norwegian,Swedish,Saami,",1
"English,Navajo,Mandarin,",1
"French,Spanish,Catalan,English,",1
"German,Bulgarian,English,",1
"Armenian,Arabic,Turkish,Kurdish,Spanish,English,",1
"English,American Sign Language,Russian,",1
"French,German,Yiddish,",1
"English,Spanish,Russian,Japanese,Cantonese,Dutch,",1
"Spanish,French,Basque,",1
"Xhosa,Sotho,English,Afrikaans,",1
"Cantonese,Mandarin,English,Portuguese,",1
"English,Hindi,Punjabi,Rajasthani,",1
"Yiddish,English,Spanish,",1
"Spanish,Polish,",1
"Polish,Latin,English,",1
"Mandarin,English,Macedonian,",1
"French,English,Russian,Chechen,",1
"Portuguese,German,English,",1
"English,Irish Gaelic,Aboriginal,",1
"French,Kirundi,Swahili,",1
"Hindi,English,Bengali,Dari,",1
"Portuguese,Spanish,French,",1
"Spanish,Vietnamese,",1
"Korean,Japanese,Sanskrit,",1
"English,French,Italian,German,Latin,",1
"German,Hindi,",1
"Basque,English,Spanish,French,",1
"Polish,Romany,Latin,English,",1
"Spanish,English,Serbian,",1
"Xhosa,Afrikaans,English,",1
"Japanese,Mandarin,Cantonese,",1
"Romanian,English,Hungarian,Spanish,German,",1
"English,Spanish,Persian,",1
"English,Flemish,French,Bulgarian,",1
"Ukrainian,English,Hungarian,Russian,",1
"Serbian,German,Albanian,Italian,",1
"Lithuanian,English,French,",1
"Italian,Sicilian,Amharic,",1
"Hungarian,English,Latin,Arabic,",1
"Cantonese,Mandarin,Japanese,Shanghainese,Min Nan,",1
"Polish,Yiddish,Hebrew,German,",1
"English,Lithuanian,",1
"Italian,Swiss German,",1
"English,Finnish,Mandarin,",1
"Croatian,Serbian,Serbo-Croatian,",1
"French,Dutch,Arabic,Lingala,",1
"Hungarian,Japanese,",1
"Chinese,English,Mandarin,Cantonese,",1
"Hindi,Gujarati,Punjabi,English,",1
"Indonesian,Mandarin,Tibetan,Chinese,",1
"Estonian,English,",1
"Hindi,Haryanvi,",1
"Hungarian,Vietnamese,Russian,",1
"French,English,Serbian,",1
"Korean,English,Japanese,",1
"French,Russian,Chinese,",1
"Albanian,German,",1
"Korean,English,Russian,",1
"Portuguese,English,Mandarin,Persian,",1
"None,French,",1
"Hindi,Tamil,English,French,",1
"Lao,",1
"German,English,Yiddish,Spanish,French,",1
"Turkish,Kurdish,Armenian,",1
"English,Korean,Japanese,Thai,Malay,Cantonese,Mandarin,",1
"French,German,English,Polish,",1
"English,Inuktitut,Spanish,",1
"Spanish,English,Cantonese,Mandarin,",1
"Japanese,Korean,English,",1
"Polish,English,Russian,",1
"Danish,Persian,English,",1
"French,Haitian,English,",1
"Russian,Ukrainian,English,French,",1
"English,French,Dutch,Arabic,Somali,",1
"English,Georgian,Spanish,",1
"Spanish,English,Spanish Sign Language,",1
"Czech,German,English,",1
"French,Chinese,Portuguese,",1
"Papiamento,Dutch,",1
"Spanish,Danish,French,",1
"Portuguese,English,Mandarin,Mirandese,Latin,",1
"Aboriginal,",1
"English,Scots,Latin,",1
"Swedish,English,Russian,French,",1
"Slovak,Polish,",1
"Mandarin,Cantonese,English,Shanghainese,",1
"English,Portuguese,Aboriginal,",1
"English,French,Italian,German,",1
"Marathi,Gujarati,English,Hindi,",1
"Italian,English,French,",1
"Basque,Spanish,Catalan,",1
"Spanish,English,German,Basque,",1
"Hindi,English,Urdu,German,",1
"French,Portuguese,German,",1
"English,Urdu,Spanish,",1
"Norwegian,English,Arabic,Swahili,French,",1
"English,Russian,Portuguese,",1
"English,German,Spanish,Italian,",1
"Hebrew,German,",1
"Italian,Bengali,",1
"Cantonese,English,Thai,",1
"Portuguese,English,French,Spanish,",1
"English,Danish,Swedish,Polish,French,",1
"Swedish,English,German,Russian,",1
"English,Polish,Arabic,",1
"Cantonese,English,Japanese,Hungarian,",1
"Dutch,Polish,",1
"Korean,Italian,",1
"Telugu,Kannada,Malayalam,",1
"English,German,Czech,",1
"Finnish,English,Russian,Swedish,",1
"English,Cantonese,French,",1
"Portuguese,English,Dutch,",1
"Tajik,",1
"Hindi,Punjabi,Urdu,English,",1
"Icelandic,Swedish,English,Spanish,Russian,",1
"Italian,German,Neapolitan,English,",1
"Mandarin,Cantonese,Russian,",1
"Hebrew,French,Arabic,",1
"Dutch,Flemish,English,",1
"English,Spanish,Italian,German,French,",1
"Korean,Hindi,Japanese,Spanish,Catalan,Basque,",1
"Filipino,Tagalog,English,Malay,",1
"English,Bengali,Japanese,",1
"Turkish,English,Russian,",1
"Kazakh,Mongolian,",1
"Bengali,Spanish,English,",1
"Swedish,English,Thai,",1
"French,English,Italian,Russian,Arabic,",1
"French,Mohawk,English,Ojibwa,Latin,",1
"Tamil,Hindi,Telugu,",1
"Spanish,Albanian,Catalan,",1
"Mandarin,Spanish,Russian,",1
"Hungarian,Slovak,Czech,",1
"Arabic,English,French,",1
"Slovenian,German,Serbian,",1
"Hindi,English,Urdu,",1
"French,Sign Languages,",1
"Slovak,German,English,Russian,",1
"English,Malayalam,",1
"Croatian,French,Serbian,English,",1
"Spanish,Italian,English,",1
"English,Hawaiian,Russian,",1
"English,Korean,Icelandic,Russian,",1
"German,Greek,Italian,",1
"English,French,Mandarin,German,",1
"Spanish,Portuguese,Visayan,",1
"Czech,Slovak,English,French,",1
"Spanish,Chinese,Wolof,",1
"Polish,Ukrainian,Russian,",1
"Ukrainian,Russian,English,",1
"German,Romanian,Turkish,",1
"Italian,Dutch,",1
"Xhosa,English,Afrikaans,",1
"Hebrew,German,English,Yiddish,",1
"English,Chinese,Korean,",1
"English,Dutch,Hungarian,",1
"Hindi,Bengali,English,",1
"French,Spanish,English,Danish,",1
"Korean,Chinese,English,Spanish,Japanese,",1
"Dutch,French,Spanish,Arabic,English,",1
"Tamil,Telugu,Punjabi,",1
"Cantonese,Mandarin,Thai,English,",1
"French,Slovak,Russian,",1
"English,Navajo,Spanish,",1
"French,Italian,Romanian,",1
"English,Greek,German,",1
"Hebrew,Yiddish,",1
"Spanish,German,Basque,",1
"Italian,Sicilian,",1
"English,Urdu,Kashmiri,",1
"French,Lingala,Portuguese,",1
"Bosnian,Serbian,Croatian,",1
"English,French,German,Latin,",1
"English,Spanish,Chinese,Latin,",1
"Icelandic,Polish,Serbian,",1
"French,Arabic,English,Hebrew,",1
"Welsh,",1
"Croatian,Bosnian,Serbian,English,Slovenian,",1
"French,Greek,",1
"Chinese,Mandarin,Shanghainese,English,",1
"Dutch,Danish,",1
"Dutch,English,Romanian,",1
"English,Russian,Turkish,",1
"Arabic,Hebrew,English,German,",1
"Italian,English,Croatian,",1
"Hindi,Gujarati,Marathi,English,",1
"Swedish,French,English,",1
"Basque,Spanish,English,French,",1
"Catalan,Spanish,German,English,",1
"Cantonese,English,Chinese,",1
"German,Estonian,French,Russian,",1
"Turkish,English,Kurdish,",1
"Japanese,Indian Sign Language,Hindi,Telugu,",1
"Hebrew,Turkish,Arabic,",1
"Cantonese,Thai,English,",1
"Italian,French,German,",1
"Chinese,Sanskrit,",1
"Hindi,Telugu,Malayalam,Tamil,Kannada,",1
"German,Indonesian,English,",1
"Tagalog,English,Arabic,",1
"Macedonian,Slovenian,Serbo-Croatian,",1
"English,Spanish,French,Russian,",1
"English,Dari,Turkish,",1
"English,Spanish,French,Catalan,Italian,",1
"English,Latin,Russian,",1
"English,Armenian,German,French,Turkish,",1
"English,Italian,Mandarin,Spanish,Armenian,",1
"English,French,Albanian,Spanish,Hungarian,",1
"English,Japanese,Spanish,German,",1
"English,Czech,German,",1
"English,French,German,Spanish,Hawaiian,Japanese,Italian,Hebrew,",1
"Polish,French,Croatian,German,Russian,Serbian,Italian,",1
"English,French,Swedish,German,",1
"English,Turkish,Greek,Russian,",1
"English,Ibo,",1
"English,French,Czech,",1
"English,Yiddish,Hebrew,",1
"Norwegian,Danish,Russian,English,",1
"English,Sioux,Spanish,",1
"Korean,Indonesian,",1
"Italian,Ukrainian,English,",1
"French,Arabic,Turkish,Lingala,Soninke,Tamil,English,",1
"Bulgarian,English,French,",1
"Chinese,Tagalog,Filipino,",1
"English,Bulgarian,Russian,Serbian,",1
"Romanian,German,Serbian,Swedish,English,Arabic,Tamil,Kurdish,Bosnian,",1
"Vietnamese,English,German,",1
"Korean,English,Chinese,Japanese,",1
"English,Samoan,Maori,Tonga (Tonga Islands),",1
"Lithuanian,Russian,English,",1
"English,Bosnian,Swedish,",1
"English,German,Neapolitan,Italian,",1
"Spanish,Russian,English,",1
"French,Polish,",1
"Italian,French,Latin,",1
"Italian,Spanish,",1
"Italian,Romany,",1
"Portuguese,Vietnamese,English,",1
"English,Romanian,German,Korean,",1
"Romanian,Italian,Hungarian,Russian,Latin,",1
"Turkish,German,English,Arabic,Urdu,",1
"French,Mandarin,Tibetan,",1
"Greek,German,Romanian,",1
"Spanish,Yiddish,",1
"Cantonese,Mandarin,Japanese,",1
"German,Romanian,",1
"Polish,German,Czech,",1
"Hindi,Korean,Japanese,Malay,",1
"French,English,German,Dutch,",1
"Norwegian,English,Serbian,French,",1
"Danish,Spanish,English,",1
"Cantonese,Mandarin,English,Shanghainese,French,",1
"Mandarin,Cantonese,French,",1
"Korean,English,Korean Sign Language,",1
"Cantonese,Mandarin,English,Japanese,",1
"Russian,Tatar,Italian,",1
"Filipino,Tagalog,Japanese,",1
"Malayalam,Telugu,",1
"Icelandic,English,Serbian,Russian,",1
"Hebrew,French,",1
"Swedish,Italian,",1
"Mari,Russian,",1
"Dutch,Turkish,",1
"Persian,Arabic,English,French,",1
"Serbian,Romanian,English,",1
"Bulgarian,French,",1
"French,Lingala,English,",1
"German,English,French,Arabic,",1
"Slovak,Ukrainian,",1
"Spanish,Catalan,German,English,",1
"French,English,Mandarin,Dutch,",1
"Mandarin,Chinese,English,",1
"Swedish,Faroese,",1
"Tamil,Telugu,Kannada,",1
"German,English,Russian,Polish,",1
"English,Telugu,Hindi,",1
"Dutch,Spanish,English,",1
"English,Dutch,Italian,Arabic,",1
"Flemish,Turkish,Dutch,English,French,Arabic,",1
"Kurdish,Norwegian,English,Persian,",1
"Hindi,Gujarati,Marathi,Punjabi,Tamil,English,",1
"English,German,Norwegian,",1
"English,Greek,Serbian,",1
"German,English,Romanian,",1
"English,Ukrainian,Russian,Welsh,",1
"French,English,Mandarin,",1
"Latin,English,",1
"English,German,Italian,Hindi,",1
"English,Danish,Spanish,",1
"English,Mandarin,Dutch,Papiamento,",1
"Amharic,",1
"Spanish,Romanian,",1
"French,French Sign Language,",1
"Georgian,English,",1
"Lingala,French,",1
"Kannada,English,",1
"French,English,Mandarin,Luxembourgish,",1
"Croatian,Italian,Latin,",1
"Portuguese,Central American Indian languages,",1
"Russian,Polish,",1
"Hebrew,French,English,",1
"French,English,Swedish,",1
"Afrikaans,Xhosa,English,",1
"Hindi,English,Tamil,Telugu,Malayalam,",1
"German,Russian,Vietnamese,",1
"Kazakh,",1
"French,Kinyarwanda,",1
"Japanese,Japanese Sign Language,English,German,",1
"English,German,Italian,Russian,",1
"Swedish,Norwegian,English,French,Italian,",1
"French,English,Greek,Mandarin,Spanish,Italian,Portuguese,Danish,Russian,German,Latin,",1
"Chinese,Japanese,English,",1
"English,Hungarian,Spanish,French,",1
"Czech,German,Russian,Latin,",1
"Korean,Japanese,Mandarin,English,",1
"Danish,Swedish,Arabic,",1
"English,Spanish,French,Yoruba,",1
"Filipino,English,Russian,Spanish,",1
"English,German,Persian,Hebrew,Kurdish,French,",1
"English,Romanian,Russian,Serbian,Ukrainian,",1
"English,Irish Gaelic,Chinese,Hebrew,Yiddish,",1
"English,Spanish,Armenian,",1
"English,Spanish,French,Arabic,",1
"Spanish,Maya,",1
"Hindi,English,Spanish,",1
"English,German,Ukrainian,",1
"Mandarin,English,Russian,French,Japanese,Korean,Indonesian,Hindi,German,",1
"Norwegian,English,French,Swedish,Spanish,",1
"English,Belarusian,",1
"English,Italian,Japanese,",1
"English,Hebrew,Polish,Italian,",1
"English,German,French,Russian,",1
"Estonian,Russian,Georgian,",1
"German,English,Spanish,Turkish,",1
"Croatian,English,Serbian,",1
"French,Greenlandic,English,",1
"Finnish,German,",1
"English,Spanish,Urdu,Russian,",1
"Norwegian,German,English,Saami,",1
"English,Italian,Portuguese,",1
"English,Bulgarian,Scots,",1
"English,Chinese,German,",1
"English,Hindi,Japanese,",1
"English,Mandarin,Swiss German,Cantonese,Russian,",1
"Italian,Japanese,Spanish,Chinese,",1
"Hindi,English,Bengali,",1
"Cantonese,Mandarin,Korean,",1
"English,Spanish,French,German,",1
"Spanish,English,Russian,",1
"Spanish,Portuguese,English,",1
"English,Dutch,French,German,",1
"Kurdish,Arabic,Turkish,",1
"Spanish,French,Polish,",1
"Galician,Portuguese,English,Spanish,",1
"Japanese,Turkish,English,",1
"Russian,English,Japanese,",1
"Albanian,Italian,",1
"German,Latin,Italian,",1
"Italian,Neapolitan,English,French,German,Russian,",1
"Ukrainian,English,Russian,",1
"Mandarin,English,French,Japanese,German,Spanish,",1
"English,Russian,Polish,Tibetan,Mongolian,",1
"English,Spanish,Hebrew,Italian,Russian,",1
"Japanese,Hindi,French,Korean,",1
"Swedish,English,Danish,",1
"Turkish,Greek,Kurdish,",1
"German,Korean,",1
"Hindi,Urdu,Punjabi,English,",1
"Greek,English,Arabic,",1
"Korean,French,English,",1
"Japanese,English,Mandarin,Cantonese,",1
"German,Russian,French,",1
"Swedish,Danish,Norwegian,",1
"Italian,Spanish,English,",1
"English,Spanish,Serbian,",1
"Danish,English,Tagalog,",1
"Italian,German,English,",1
"Maya,Spanish,",1
"English,Cantonese,Ukrainian,Hindi,",1
"English,German,Spanish,Serbian,",1
"English,French,Arabic,German,Dutch,",1
"English,Spanish,Bulgarian,",1
"English,German,Russian,French,Flemish,Dutch,",1
"English,Japanese,Spanish,Korean,",1
"English,Hungarian,French,Korean,",1
"English,German,Turkish,Arabic,",1
"Arabic,English,French,Flemish,",1
"Danish,English,German,French,",1
"Portuguese,None,",1
"French,English,Spanish,German,",1
"English,Montagnais,Chakma,Sumerian,Crimean Tatar,Santali,French,Bable,German,Bonda,Welsh,Mari,Himachali,Irula,Hindi,Rhaetian,None,",1
"Norwegian,French,Swedish,",1
"French,Flemish,English,Italian,Hebrew,",1
"Hindi,Punjabi,Marathi,English,",1
"Ukrainian,Russian,Polish,French,German,",1
"French,Czech,English,",1
"French,Albanian,Greek,English,German,",1
"Tagalog,Filipino,Sign Languages,",1
"German,English,Dari,",1
"Swedish,German,Hebrew,English,",1
"Hindi,Indian Sign Language,",1
"Hebrew,Arabic,Russian,",1
"French,Chinese,English,",1
"Spanish,French,Swahili,English,Italian,",1
"Swedish,Dutch,",1
"Norwegian,English,Dutch,",1
"English,German,Czech,French,",1
"Georgian,Abkhazian,Russian,",1
"Telugu,Malayalam,",1
"German,Italian,Russian,",1
"Mandarin,Cantonese,English,Thai,Burmese,",1
"Polish,French,Latin,",1
"Flemish,Italian,French,Dutch,",1
"Punjabi,English,Hindi,",1
"Mandarin,Japanese,Min Nan,",1
"Crimean Tatar,Ukrainian,Russian,",1
"Persian,English,French,",1
"Thai,Japanese,English,",1
"Turkish,Azerbaijani,Russian,English,Spanish,Japanese,French,Arabic,",1
"Spanish,Tupi,French,",1
"Malayalam,Hindi,Telugu,Kannada,",1
"Dzongkha,",1
"Korean,Filipino,English,",1
"English,French,Finnish,",1
"English,Hebrew,German,Arabic,",1
"German,English,Russian,Turkish,",1
"Tamil,English,Hindi,",1
"French,English,Spanish,Arabic,Italian,",1
"Russian,Kyrgyz,",1
"Swedish,Norwegian,English,Thai,",1
"Bosnian,Serbo-Croatian,",1
"Korean,Japanese,Mandarin,",1
"Lithuanian,German,Russian,",1
"Finnish,English,Swedish,Russian,",1
"Spanish,English,Vietnamese,",1
"Croatian,Slovenian,Serbian,English,Turkish,",1
"Catalan,English,Basque,Spanish,",1
"Italian,Latin,",1
"Estonian,Russian,Armenian,",1
"Russian,French,English,",1
"English,German,Danish,",1
"Welsh,Spanish,English,Polish,",1
"Cantonese,Mandarin,Portuguese,English,",1
"Swedish,Norwegian,English,German,",1
"English,Mandarin,Cantonese,Russian,",1
"French,Yiddish,English,Spanish,Hebrew,Italian,",1
"Korean,English,Japanese,Cantonese,Mandarin,French,Korean Sign Language,",1
"Icelandic,English,Ukrainian,Chinese,Spanish,",1
"Japanese,German,Italian,French,English,",1
"English,American Sign Language,Indonesian,",1
"English,American Sign Language,Latin,",1
"English,Urdu,Punjabi,Arabic,",1
"English,Pashtu,Dari,French,",1
"English,Spanish,Italian,Latin,Portuguese,French,German,",1
"English,Spanish,Ukrainian,",1
"English,Polish,Yiddish,",1
"English,Portuguese,Thai,Bulgarian,",1
"English,Russian,French,German,",1
"English,Italian,French,German,",1
"English,Pashtu,Mandarin,",1
"English,Romanian,Bulgarian,",1
"English,Japanese,Dutch,Indonesian,",1
"Korean,German,English,Japanese,",1
"English,Swedish,Italian,Portuguese,French,",1
"English,Hebrew,Mandarin,",1
"Indonesian,Japanese,English,Sign Languages,",1
"English,Arabic,German,Russian,Czech,",1
"Dutch,English,Swedish,Russian,German,French,",1
"Serbo-Croatian,Bosnian,English,Dutch,Serbian,",1
"Bosnian,Dutch,English,",1
"Japanese,Korean,Italian,Hindi,",1
"French,Italian,English,Spanish,",1
"Cantonese,Mandarin,Thai,",1
"Bosnian,French,English,",1
"Cantonese,English,Tagalog,",1
"Italian,Romanian,French,English,",1
"Cantonese,English,Spanish,Chinese,German,Korean,",1
"English,Hindi,French,Turkish,",1
"Kannada,Tamil,",1
"Thai,Korean,",1
"Turkish,Italian,French,",1
"Spanish,English,Guarani,",1
"Danish,English,Spanish,Greenlandic,",1
"Polish,Russian,English,Arabic,",1
"Turkish,Portuguese,English,",1
"Azerbaijani,",1
"Korean,Japanese,Chinese,",1
"Tamil,Tulu,English,",1
"French,German,English,Flemish,Japanese,",1
"Norwegian,French,English,",1
"Japanese,Chinese,Russian,",1
"Italian,English,Spanish,French,",1
"Kurdish,Dutch,",1
"Berber languages,French,Arabic,English,",1
"English,Mandarin,Shanghainese,",1
"Italian,Greek,French,Neapolitan,",1
"French,German,English,Italian,Russian,Spanish,Latin,Arabic,Bambara,Hebrew,Greek,",1
"Tagalog,Filipino,English,",1
"Tamil,Telugu,Malayalam,",1
"English,Icelandic,Italian,",1
"Turkish,Azerbaijani,",1
"Filipino,Tagalog,Japanese,Korean,",1
"Serbian,Russian,",1
"Dutch,French,Spanish,",1
"French,English,Central Khmer,",1
"Polish,Italian,",1
"Dutch,Dzongkha,",1
"Russian,Polish,Latvian,English,French,Flemish,",1
"Hungarian,French,German,Polish,",1
"Swedish,German,English,",1
"French,English,Arabic,Hebrew,",1
"Flemish,",1
"English,Persian,Russian,",1
"Aymara,",1
"Finnish,Greek,English,",1
"Catalan,English,Spanish,",1
"Danish,Norwegian,German,Swedish,English,",1
"Telugu,Hindi,",1
"Hindi,Urdu,English,Punjabi,Arabic,",1
"French,Japanese,English,",1
"French,Peul,",1
"English,Greek,French,Hungarian,",1
"Hindi,Punjabi,Urdu,Gujarati,English,",1
"English,Croatian,Bosnian,French,Italian,",1
"Lithuanian,Russian,",1
"Czech,German,Slovak,",1
"English,Hindi,Tamil,Gujarati,",1
"Spanish,Mandarin,French,",1
"Mandarin,Thai,Sanskrit,",1
"Icelandic,Polish,English,",1
"French,Urdu,",1
"French,Romanian,English,Tagalog,Norwegian,",1
"French,Arabic,German,",1
"Hindi,Punjabi,Gujarati,English,",1
"English,Greek,Russian,",1
"English,Tagalog,Filipino,",1
"English,Low German,",1
"Turkish,Italian,",1
"Polish,English,Russian,German,",1
"Mandarin,English,Thai,",1
"Mandarin,Cantonese,English,Arabic,Malay,",1
"Norwegian,English,Danish,",1
"Russian,French,German,English,",1
"Thai,Japanese,Burmese,",1
"Dutch,Yiddish,English,",1
"Japanese,English,Georgian,Hindi,",1
"French,English,Norwegian,",1
"Hungarian,German,Spanish,English,Russian,",1
"Spanish,Afrikaans,",1
"Mandarin,Chinese,English,Cantonese,",1
"Vietnamese,Cantonese,",1
"Hungarian,English,French,",1
"German,Turkish,English,Chinese,",1
"English,French,Wolof,Yoruba,",1
"English,Spanish,Japanese,Russian,Chinese,",1
"Italian,Sicilian,Portuguese,English,",1
"English,Romanian,French,German,",1
"Flemish,English,Dutch,",1
"Tswana,English,",1
"Central Khmer,",1
"Russian,English,Chinese,",1
"Polish,Russian,Kazakh,",1
"English,Chinese,Teochew,Sinhala,",1
"Zulu,English,Afrikaans,",1
"Japanese,French,English,",1
"Turkish,Bosnian,English,Kurdish,",1
"French,Finnish,English,Hebrew,",1
"Afrikaans,English,Dutch,",1
"Russian,English,Korean,",1
"Arabic,French,Spanish,",1
"Hokkien,Malay,Mandarin,",1
"Spanish,English,Bosnian,German,",1
"French,Dyula,",1
"Mandarin,Cantonese,Thai,",1
"English,Kinyarwanda,",1
"Russian,Catalan,Finnish,German,",1
"Norwegian,Swedish,Danish,English,Serbian,German,",1
"Hebrew,Arabic,English,",1
"Korean,Mandarin,Japanese,",1
"French,Arabic,Yiddish,",1
"German,Turkish,Arabic,",1
"Samoan,English,",1
"Romanian,English,Russian,Georgian,",1
"Swedish,Norwegian,English,",1
"Italian,French,Chinese,Flemish,",1
"English,Mandarin,Turkish,Indonesian,Russian,",1
"Serbian,Slovenian,Macedonian,",1
"English,Russian,Ukrainian,Turkish,",1
"Tagalog,Filipino,Spanish,",1
"English,Navajo,",1
"English,Spanish,Italian,Portuguese,",1
"French,Armenian,German,",1
"Arabic,English,Hebrew,",1
"Malayalam,English,Tamil,Hindi,",1
"French,English,Tajik,",1
"German,French,French Sign Language,",1
"Swedish,Finnish,English,French,",1
"French,English,German,Italian,",1
"Kikuyu,English,",1
"Latin,English,French,Italian,",1
"Ukrainian Sign Language,Ukrainian,",1
"English,Estonian,Russian,Icelandic,",1
"Finnish,Norwegian,English,",1
"Norwegian,Danish,English,",1
"Bulgarian,Turkish,Greek,English,Serbian,",1
"Slovenian,Albanian,",1
"Norwegian,Swedish,Danish,German,",1
"Filipino,Tagalog,English,Thai,",1
"Turkish,German,American Sign Language,Egyptian (Ancient),",1
"Dutch,English,Spanish,",1
"Hebrew,Persian,",1
"Latvian,Estonian,",1
"German,Turkish,Swiss German,",1
"Mandarin,Cantonese,English,Thai,",1
"Russian,Thai,",1
"Hindi,Marathi,Bengali,English,",1
"French,Arabic,Persian,",1
"French,Amharic,",1
"German,English,Pashtu,Dari,",1
"Malayalam,Tamil,Telugu,",1
"French,Estonian,",1
"Macedonian,German,",1
"Bengali,English,Urdu,",1
"Russian,English,Konkani,",1
"Bengali,French,",1
"Portuguese,Russian,",1
"Hebrew,English,German,Polish,",1
"French,Bosnian,",1
"Spanish,Catalan,French,",1
"French,English,Finnish,German,",1
"English,Italian,Polish,French,",1
"Korean,English,French,Japanese,",1
"Italian,Latvian,Neapolitan,",1
"English,Chinese,Russian,",1
"English,French,German,Swiss German,",1
"Danish,Swedish,English,Arabic,",1
"English,Hawaiian,",1
"English,Aramaic,",1
"Italian,Romany,English,",1
"Russian,English,Ukrainian,",1
"English,Middle English,Indonesian,",1
"English,Hungarian,Polish,French,",1
"English,Scots,",1
"Mandarin,English,Latin,",1
"Russian,Portuguese,Uzbek,",1
"Hungarian,Yiddish,German,Russian,Polish,French,Greek,Slovak,Hebrew,",1
"Thai,French,Lao,",1
"Turkish,Korean,English,Chinese,",1
"Dutch,Polish,English,",1
"German,Swiss German,French,English,",1
"Afrikaans,English,Portuguese,",1
"English,Tagalog,",1
"Turkish,Arabic,Kurdish,",1
"Greek,English,Russian,",1
"Spanish,Mixtec,English,",1
"Romanian,Russian,",1
"Hindi,English,Haryanvi,",1
"German,English,Portuguese,Soninke,",1
"Swedish,Serbian,Spanish,English,German,",1
"English,Romanian,Arabic,",1
"English,Serbian,Spanish,French,Bosnian,",1
"Danish,German,Swedish,",1
"Spanish,Portuguese,Aboriginal,German,Catalan,Latin,English,",1
"Brazilian Sign Language,Portuguese,",1
"Polish,English,Kinyarwanda,",1
"German,Chechen,Arabic,",1
"French,Central Khmer,English,",1
"Romany,Slovak,",1
"German,Latin,French,Swiss German,",1
"Russian,Estonian,",1
"German,English,French,Polish,",1
"Danish,Greenlandic,",1
"Japanese,Portuguese,English,",1
"Lithuanian,German,Russian,English,",1
"Tamil,English,",1
"English,Catalan,",1
"German,English,Japanese,",1
"Wolof,French,English,Arabic,",1
"Dutch,German,French,English,",1
"Japanese,English,German,",1
"Korean,Mandarin,Dutch,",1
"Japanese,English,French,",1
"Ukrainian,Russian,Czech,",1
"Persian,English,Assyrian Neo-Aramaic,Dari,",1
"English,Italian,Mandarin,Japanese,French,",1
"Burmese,",1
"Italian,English,Arabic,",1
"Mandarin,Italian,English,",1
"German,Swiss German,",1
"German,French,Spanish,",1
"Croatian,Bosnian,",1
"Tagalog,Korean,Filipino,",1
"Czech,English,Zulu,",1
"Finnish,Swedish,German,",1
"Spanish,French,Catalan,",1
"Polish,French,German,",1
"French,Tamil,English,",1
"Kannada,Telugu,",1
"English,Maori,Samoan,",1
"Turkish,Azerbaijani,Italian,",1
"English,Italian,French,Welsh,",1
"Afrikaans,German,Swiss German,",1
"Romanian,German,Serbian,English,",1
"Czech,Vietnamese,",1
"French,Lithuanian,Russian,Polish,",1
"Danish,English,Dutch,French,",1
"English,French,Latin,German,",1
"Kazakh,Russian,Arabic,Persian,",1
"English,French,Serbo-Croatian,",1
"French,Sign Languages,Spanish,",1
"French,Dyula,Nushi,",1
"Polish,English,Swedish,",1
"German,Turkish,Romany,",1
"Filipino,Tagalog,English,Chinese,",1
"Swiss German,Croatian,German,",1
"German,Hebrew,English,",1
"English,Malay,Hokkien,Mandarin,Malayalam,",1
"Filipino,Tagalog,Visayan,",1
"Cantonese,Spanish,",1
"Min Nan,Mandarin,English,",1
"English,Tibetan,Mandarin,",1
"Kazakh,Russian,",1
"French,German,Spanish,",1
"Finnish,Norwegian,",1
"German,English,Swiss German,Swedish,French,Italian,",1
"Spanish,Italian,Portuguese,",1
"German,French,Dutch,",1
"Hindi,English,French,Japanese,Dutch,",1
"English,Hindi,Sanskrit,",1
"German,Portuguese,English,Italian,",1
"Arabic,German,English,",1
"Hindi,Urdu,Punjabi,English,Sanskrit,",1
"Norwegian,Punjabi,",1
"Polish,French,",1
"French,Armenian,",1
"French,English,German,Hindi,Kazakh,Russian,Polish,",1
"Italian,Slovenian,English,",1
"English,German,Turkish,Hebrew,",1
"Hungarian,Turkish,English,",1
"German,Vietnamese,",1
"Japanese,Portuguese,",1
"Chinese,English,Italian,",1
"Hokkien,Mandarin,Malay,Tamil,",1
"Portuguese,Kabuverdianu,",1
"Catalan,French,Wolof,",1
"English,Spanish,Chinese,Gaelic,",1
"German,Czech,English,",1
"Russian,English,French,Spanish,",1
"English,Chinese,Spanish,French,Ukrainian,",1
"Korean,Latin,",1
"Russian,German,Japanese,",1
"French,English,Romanian,",1
"Slovenian,Serbian,",1
"Macedonian,French,English,Turkish,",1
"Hindi,Kannada,Tamil,Telugu,",1
"Korean,Cantonese,English,Mandarin,Japanese,",1
"English,Zulu,Afrikaans,Sotho,",1
"German,French,Italian,Danish,Spanish,English,",1
"Hebrew,Arabic,French,Italian,Yiddish,German,",1
"English,Hungarian,Russian,",1
"French,Corsican,",1
"Urdu,Sindhi,",1
"Polish,Russian,French,Vietnamese,",1
"English,Arabic,Russian,",1
"Danish,Arabic,Spanish,German,",1
"English,Polish,Latin,",1
"Hebrew,English,Spanish,",1
"Hungarian,Russian,German,",1
"French,English,Russian,German,",1
"English,Italian,Ukrainian,",1
"English,French,Arabic,Urdu,",1
"Serbian,Russian,Albanian,English,German,",1
"English,Spanish,Chinese,",1
"English,Persian,Greek,Arabic,Latin,",1
"Swedish,Persian,",1
"English,German,French,Latin,",1
"German,Danish,English,",1
"English,German,Czech,Latin,French,",1
"Norwegian,Spanish,",1
"English,Nepali,",1
"French,Italian,English,German,",1
"Danish,Czech,",1
"Dutch,French,Flemish,",1
"Irish Gaelic,English,",1
"Hungarian,English,Romany,",1
"Italian,Polish,French,",1
"Serbian,English,Icelandic,",1
"Turkish,Kurdish,Russian,",1
"Central Khmer,English,",1
"Hebrew,English,Romanian,French,",1
"English,Malay,Chinese,",1
"Tagalog,German,English,",1
"Lithuanian,Ukrainian,Russian,English,French,",1
"German,Czech,",1
"Italian,Chinese,Spanish,",1
"French,English,Algonquin,Latin,Spanish,",1
"Cantonese,Mandarin,Malay,",1
"English,Bulgarian,German,",1
"French,Russian,Basque,",1
"German,Danish,Chinese,",1
"Finnish,Swedish,English,",1
"Filipino,Visayan,Tagalog,",1
"Hindi,Gujarati,Tamil,English,",1
"English,Cantonese,Russian,Portuguese,",1
"English,Mandarin,Thai,",1
"English,Hindi,Tamil,French,Sanskrit,",1
"English,Russian,Japanese,Indonesian,Mandarin,Italian,Arabic,Latin,",1
"English,Pawnee,French,",1
"English,Russian,Mandarin,",1
"English,Swahili,Nama,Xhosa,Korean,",1
"English,German,Spanish,Latin,",1
"English,Italian,Czech,",1
"English,Cantonese,Spanish,Russian,",1
"English,Russian,Maori,Italian,",1
"English,Russian,Spanish,Chinese,",1
"English,Russian,Hungarian,",1
"English,British Sign Language,",1
"English,Arabic,Russian,Mandarin,",1
"English,German,French,Italian,",1
"English,Italian,French,German,Hebrew,",1
"Korean,Hawaiian,",1
"English,Russian,Ukrainian,Estonian,Norwegian,Hindi,",1
"English,Japanese,Xhosa,German,",1
"English,Finnish,Japanese,Hungarian,Russian,Somali,Spanish,",1
"English,Italian,Spanish,German,",1
"Polish,English,Italian,",1
"English,Turkish,Shanghainese,Portuguese,Japanese,",1
"English,Mandarin,Malay,",1
"English,Arabic,Swedish,",1
"English,German,Dutch,Flemish,French,Spanish,Chinese,Greek, Ancient (to 1453),North American Indian,",1
"English,Hungarian,Latin,Danish,",1
"English,North American Indian,German,",1
"English,Irish Gaelic,Russian,Icelandic,",1
"English,Esperanto,German,Chinese,",1
"English,Cheyenne,French,",1
"English,Italian,Swedish,",1
"English,German,Xhosa,Russian,Romanian,Hindi,",1
"English,Italian,Russian,German,",1
"English,Norwegian,Danish,",1
"Danish,English,Polish,",1
"English,Portuguese,Japanese,",1
"English,Korean,Inuktitut,",1
"English,American Sign Language,Russian,French,",1
"English,Spanish,Ukrainian,Korean,",1
"English,Hindi,French,German,Mandarin,",1
"English,Spanish,Italian,Inuktitut,Hindi,",1
"English,Tagalog,Cantonese,Mandarin,Spanish,",1
"English,Mandarin,Cantonese,Hokkien,French,Malay,",1
"English,French,Portuguese,German,Turkish,",1
"English,Samoan,Russian,",1
"English,Italian,Latin,Spanish,German,",1
"English,Korean,French,Japanese,Czech,German,",1
"English,Russian,Hindi,",1
"Turkish,Greek,",1
"Italian,Sardinian,English,German,",1
"Min Nan,Mandarin,French,",1
"Lithuanian,Ukrainian,",1
"Polish,Spanish,",1
"Romanian,Hungarian,Spanish,",1
"English,Latin,Spanish,",1
"Russian,Khanty,",1
"Icelandic,Thai,Portuguese,",1
"Burmese,English,",1
"Portuguese,Japanese,Chinese,Latin,Indonesian,",1
"Slovak,German,",1
"Hassanya,French,",1
"Norwegian,English,Russian,",1
"Russian,Romanian,",1
"Hungarian,Romanian,Russian,German,",1
"Japanese,English,Hindi,",1
"Hindi,Urdu,Punjabi,English,Arabic,",1
"Hungarian,German,Russian,",1
"Samoan,",1
"English,Mandarin,Min Nan,",1
"Flemish,French,English,Dutch,",1
"Mandarin,Cantonese,English,Italian,",1
"Dutch,English,Arabic,Italian,",1
"English,Pashtu,",1
"Russian,Finnish,",1
"Malayalam,Telugu,Tamil,Kannada,",1
"Hindi,Rajasthani,English,Marathi,",1
"Italian,French,English,Neapolitan,Sicilian,Polish,",1
"Cantonese,Mandarin,English,Thai,",1
"English,German,Hindi,Turkish,",1
"Portuguese,Greek,",1
"Bosnian,English,Croatian,German,Serbian,",1
"French,English,Polish,",1
"English,Arabic,Turkish,French,",1
"English,Spanish,Cantonese,",1
"French,Romany,Russian,",1
"French,Nushi,",1
"English,Arabic,Mandarin,",1
"English,Mongolian,",1
"Korean,English,Chinese,",1
"French,Flemish,English,",1
"French,Thai,English,",1
"English,German,French,Hebrew,Arabic,",1
"English,Irish Gaelic,French,Latin,",1
"German,Greek,English,Turkish,",1
"English,Arabic,Acholi,",1
"Hindi,Mandarin,English,Italian,French,Arabic,",1
"English,Spanish,Tibetan,",1
"English,Afrikaans,Xhosa,",1
"Mandarin,Min Nan,Korean,English,",1
"Hindi,English,Malayalam,",1
"English,French,Norwegian,",1
"Italian,English,Romanian,",1
"English,Spanish,French,German,Mandarin,Icelandic,",1
"English,Arabic,French,Spanish,Dutch,",1
"English,Croatian,Chinese,",1
"Swedish,Spanish,English,",1
"English,Icelandic,Swahili,Arabic,",1
"English,Urdu,Hindi,Italian,Arabic,",1
"Italian,Slovenian,",1
"Swedish,Bosnian,",1
"English,Ibo,Yoruba,",1
"Polish,Russian,",1
"Latvian,Russian,German,",1
"French,Mandarin,English,Hebrew,",1
"English,German,Japanese,",1
"Spanish,English,Dutch,",1
"Portuguese,English,Serbian,",1
"Hungarian,Italian,",1
"Afrikaans,English,French,",1
"Portuguese,Tupi,",1
"Catalan,Spanish,English,German,",1
"Italian,Albanian,",1
"German,Finnish,",1
"English,German,Russian,Swedish,Norwegian,",1
"Polish,Latin,French,",1
"English,Italian,German,",1
"Catalan,English,Spanish,Japanese,",1
"French,English,Portuguese,Russian,Serbian,Arabic,",1
"Turkish,Georgian,Kurdish,",1
"Bosnian,Romany,",1
"Latin,French,",1
"Croatian,Serbian,German,",1
"English,Turkish,Azerbaijani,",1
"Portuguese,French,English,",1
"Turkish,German,Russian,",1
"English,Ojibwa,",1
"Hebrew,Arabic,French,",1
"Ukrainian,Polish,Russian,Crimean Tatar,German,Spanish,",1
"English,Chinese,French,",1
"Cantonese,Chinese,English,",1
"English,German,Italian,Japanese,French,Hebrew,",1
"English,Spanish,Japanese,German,French,Korean,",1
"Mandarin,English,Russian,Mongolian,Spanish,",1
"English,Swedish,French,Spanish,German,",1
"English,Hungarian,Japanese,",1
"English,Japanese,Mandarin,Shanghainese,",1
"English,French,Italian,Greek, Ancient (to 1453),",1
"Russian,Hungarian,",1
"English,French,Spanish,Italian,Sign Languages,Russian,",1
"Spanish,German,Russian,",1
"Spanish,Purepecha,",1
"English,Japanese,Slovenian,",1
"Karen,",1
"Hebrew,English,Arabic,Russian,",1
"French,English,Flemish,Dutch,Italian,",1
"Finnish,English,Arabic,Swedish,Japanese,",1
"Finnish,English,Norwegian,",1
"English,Spanish,French,Japanese,",1
"French,English,Russian,Arabic,Japanese,",1
"French,Spanish,German,",1
"Korean,Russian,",1
"Hindi,English,Chinese,Spanish,",1
"Arabic,Dinka,English,Italian,",1
"Filipino,English,Tagalog,",1
"Hebrew,Russian,",1
"Czech,Romany,",1
"German,Swiss German,Turkish,English,Spanish,",1
"Maori,English,Samoan,Cantonese,",1
"Romansh,Swiss German,",1
"Turkish,English,Bulgarian,French,",1
"Galician,Spanish,German,English,Russian,",1
"Ukrainian,Italian,",1
"Cantonese,Mandarin,English,French,",1
"Mandarin,Czech,French,Japanese,English,Italian,",1
"Spanish,Albanian,",1
"Spanish,Chinese,English,Maori,French,",1
"English,Tamil,Urdu,",1
"English,Korean,German,",1
"Mandarin,Cantonese,Thai,English,Korean,",1
"Portuguese,Chinese,",1
"English,Portuguese,Russian,Spanish,",1
"Hokkien,Mandarin,",1
"Spanish,English,Arabic,Basque,",1
"Russian,Georgian,",1
"Chinese,Mandarin,Cantonese,",1
"Bosnian,Serbian,Croatian,English,",1
"English,Kurdish,French,Italian,Arabic,",1
"Polish,English,Yiddish,Russian,",1
"Norwegian,English,Swedish,German,",1
"French,Greek,English,",1
"German,Portuguese,English,French,Spanish,",1
"Swedish,Saami,",1
"Korean,French,",1
"French,English,Spanish,Arabic,",1
"Turkish,English,Bulgarian,",1
"Romanian,Turkish,Romany,",1
"English,French,Arabic,Spanish,Hebrew,",1
"German,French,Russian,Latvian,English,",1
"English,British Sign Language,Swahili,Somali,",1
"German,English,Chinese,Turkish,Polish,",1
"Maori,",1
"English,French,Cantonese,",1
"Cantonese,English,Thai,Polish,Mandarin,",1
"Spanish,English,Maya,Italian,",1
"Italian,Arabic,Kurdish,",1
"English,Chinese,Malay,",1
"Korean,English,Filipino,",1
"Japanese,Russian,",1
"Hindi,Malayalam,",1
"Hindi,Telugu,Tamil,",1
"French,German,Danish,English,",1
"French,Arabic,Bambara,English,Songhay,Tamashek,",1
"French,English,Spanish,Japanese,Arabic,Mandarin,",1
"French,English,German,Nepali,",1
"English,Punjabi,Hindi,Arabic,",1
"Cantonese,Mandarin,Tagalog,English,",1
"Turkish,Greek,French,",1
"Mandarin,Korean,",1
"Mandarin,Aboriginal,",1
"French,Macedonian,Turkish,",1
"Portuguese,French,English,Greek,Italian,",1
"Spanish,French,Galician,",1
"Burmese,Thai,",1
"Min Nan,",1
"Russian,Japanese,English,",1
"Bulgarian,Russian,Italian,English,",1
"English,Xhosa,Afrikaans,",1
"Japanese,English,French,Abkhazian,Spanish,German,Urdu,Korean,",1
"English,Russian,Arabic,",1
"Norwegian,Norse, Old,Swedish,",1
"Finnish,English,German,",1
"French,Danish,Flemish,",1
"French,Arabic,Italian,",1
"Danish,English,Somali,",1
"Neapolitan,",1
"Hindi,English,Marathi,Malayalam,",1
"English,Italian,Bosnian,",1
"Russian,Turkish,",1
"French,Mongolian,",1
"English,Persian,French,",1
"Japanese,Indonesian,English,French,",1
"Polish,Ukrainian,Russian,Yiddish,German,",1
"Min Nan,Chinese,",1
"Polish,English,German,",1
"English,Lithuanian,Russian,Hebrew,",1
"German,Mandarin,English,",1
"German,Polish,English,",1
"Italian,Sinhala,",1
"Thai,Lao,",1
"Catalan,Spanish,Mandingo,",1
"English,Aboriginal,French,",1
"French,English,Italian,Czech,",1
"Persian,English,Portuguese,",1
"English,Japanese,Latin,",1
"English,Swedish,German,Russian,",1
"English,Spanish,Italian,Russian,Basque,Arabic,",1
"English,Russian,Indonesian,Filipino,",1
"English,Russian,Sign Languages,",1
"English,Spanish,American Sign Language,Arabic,Somali,Spanish Sign Language,",1
"English,Korean,Spanish,",1
"English,Spanish,Icelandic,",1
"English,Greenlandic,",1
"English,French,Arabic,Turkish,",1
"English,Japanese,Italian,",1
"English,Polynesian,Spanish,",1
"Icelandic,English,Norwegian,",1
"English,Greek, Ancient (to 1453),",1
"English,Spanish,Portuguese,Mandarin,Tagalog,Russian,",1
"English,Mandarin,Thai,Japanese,",1
"Korean,English,Cantonese,",1
"English,Ukrainian,German,French,",1
"English,Thai,German,Swedish,",1
"English,French,German,Italian,Arabic,Spanish,",1
"English,Polish,Spanish,",1
"Russian,Armenian,",1
"Japanese,Chinese,",1
"English,Greek,German,Japanese,",1
"English,Portuguese,Tupi,Spanish,German,",1
"English,Arabic,Latin,",1
"English,Serbo-Croatian,Mandarin,French,",1
"English,Georgian,",1
"Dutch,English,Hindi,French,German,",1
"Hindi,Marathi,Gujarati,Tulu,English,",1
"Scots,English,French,",1
"English,German,Quechua,Spanish,",1
"Mandarin,Japanese,Min Nan,Shanghainese,",1
"English,French,Dutch,",1
"French,English,Arabic,Slovak,",1
"French,German,Italian,",1
"French,Swedish,",1
"Hindi,Tamil,English,",1
"Spanish,French,Italian,",1
"French,Spanish,Japanese,English,",1
"Portuguese,French,English,Italian,",1
"English,Norwegian,Spanish,French,",1
"Japanese,Japanese Sign Language,",1
"English,Hindi,Japanese,French,",1
"English,French,Italian,German,Romany,",1
"English,German,Russian,French,Spanish,",1
"English,Latin,Irish Gaelic,",1
"English,French,Italian,Turkish,",1
"Bulgarian,Russian,",1
"English,Hindi,Punjabi,",1
"French,English,Russian,Swahili,Danish,",1
"German,Hebrew,",1
"Spanish,Norwegian,",1
"Korean,Arabic,",1
"Polish,German,Yiddish,Ukrainian,Russian,",1
"Spanish,French,Afrikaans,",1
"Spanish,Romanian,French,English,",1
"Polish,Italian,Czech,",1
"Mandarin,Min Nan,English,",1
"Chaozhou,Mandarin,",1
"Malay,Mandarin,",1
"Spanish,French,Dutch,Mapudungun,",1
"Cantonese,Mandarin,English,Thai,Teochew,",1
"Arabic,English,Russian,",1
"English,Russian,Lithuanian,Polish,",1
"Urdu,Norwegian,",1
"Italian,English,Norwegian,",1
"English,Hungarian,Italian,",1
"English,Greek,French,German,",1
"Mandarin,Spanish,",1
"Japanese,English,Hindi,Tamil,Telugu,",1
"French,Tamil,",1
"French,English,Spanish,Chinese,Yiddish,",1
"Mandarin,Cantonese,Japanese,English,French,German,",1
"Russian,Ukrainian,Belarusian,",1
"Hindi,Bengali,",1
"Hindi,Kashmiri,",1
"German,English,Hebrew,Latin,",1
"Chinese,English,French,Russian,",1
"Danish,English,Dutch,",1
"German,English,Thai,",1
"Min Nan,Chinese,Mandarin,",1
"Portuguese,Arabic,",1
"French,Italian,Romanian,Arabic,",1
"Mandarin,Hindi,English,",1
"Persian,Arabic,",1
"English,French,Italian,Dutch,Spanish,Portuguese,",1
"French,German,Yiddish,Russian,",1
"Hindi,Gujarati,English,",1
"Kurdish,Persian,Turkish,English,",1
"German,English,French,Hebrew,Latin,",1
"French,Portuguese,English,Latin,",1
"English,Azerbaijani,Russian,",1
"Spanish,Wayuu,Basque,",1
"Czech,Russian,",1
"Arabic,Armenian,French,",1
"Mandarin,Min Nan,Hokkien,",1
"Guarani,Spanish,Portuguese,",1
"Portuguese,Italian,French,",1
"Slovenian,Hungarian,",1
"Japanese,Thai,",1
"German,French,Turkish,",1
"Korean,Japanese,Mandarin,Russian,German,English,",1
"English,German,Hungarian,Romanian,",1
"Rhaetian,",1
"Spanish,English,Icelandic,Portuguese,",1
"English,Filipino,Tagalog,Indonesian,",1
"Lithuanian,Russian,Estonian,",1
"Afrikaans,English,Tswana,",1
"French,Georgian,",1
"German,French,English,Dutch,",1
"German,Luxembourgish,",1
"Vietnamese,German,",1
"English,Mandarin,Malay,Cantonese,Tamil,",1
"French,Polish,English,",1
"Mandarin,Korean,Thai,",1
"Catalan,Spanish,Russian,",1
"Spanish,French,Catalan,English,",1
"Zulu,Xhosa,Sotho,English,",1
"Bulgarian,Japanese,Russian,English,",1
"Spanish,Quechua,English,",1
"Korean,Russian,English,",1
"Inuktitut,English,",1
"English,Portuguese,Swedish,",1
"French,Afrikaans,English,Dutch,",1
"French,English,Romanian,Italian,",1
"Hindi,Tamil,English,Marathi,",1
"French,German,Occitan,",1
"Hokkien,Shanghainese,Teochew,Mandarin,Cantonese,Hakka,",1
"Russian,English,Arabic,Turkish,Ukrainian,",1
"Norwegian,Saami,",1
"Hokkien,Mandarin,Malay,English,",1
"Slovak,English,Russian,",1
"Portuguese,Latin,",1
"Filipino,Tagalog,Portuguese,",1
"Slovak,Czech,Polish,German,Russian,",1
"English,Swedish,French,",1
"Turkish,Dutch,",1
"Italian,Sardinian,English,",1
"Dutch,French,Russian,Chinese,English,",1
"Korean,Japanese,English,Hindi,",1
"French,Arabic,Spanish,",1
"French,English,Polish,German,",1
"Korean,Japanese,Czech,English,",1
"Hindi,English,Marathi,Tamil,",1
"English,Norwegian,German,",1
"English,Italian,Greek,",1
"Greek,English,French,",1
"Spanish,Kriolu,Aragonese,",1
"English,German,Arabic,French,Portuguese,Russian,Slovak,",1
"English,Russian,Lithuanian,",1
"Hindi,English,German,",1
"Portuguese,English,Russian,French,",1
"French,English,Thai,",1
"Ukrainian,Russian,English,Crimean Tatar,",1
"French,Russian,German,Hungarian,English,Romanian,",1
"Romanian,English,Spanish,",1
"Italian,Neapolitan,French,",1
"Wayuu,Spanish,English,",1
"English,Mandarin,Japanese,German,",1
"Korean,English,German,Vietnamese,",1
"English,Vietnamese,Central Khmer,",1
"English,French,German,Latin,Italian,",1
"Spanish,Chinese,",1
"Central Khmer,English,Cantonese,Spanish,",1
"Norwegian,German,Danish,Swedish,English,",1
"German,English,Finnish,",1
"English,Chinese,Vietnamese,",1
"English,Arabic,Spanish,French,",1
"German,Hungarian,Hebrew,English,Yiddish,",1
"Czech,Spanish,English,",1
"Chinese,Korean,",1
"German,Arabic,Russian,Hebrew,",1
"German,English,French,Italian,Arabic,",1
"English,Cantonese,Japanese,",1
"Turkish,Armenian,",1
"Hindi,Tamil,Rajasthani,",1
"Spanish,German,Swiss German,French,Italian,",1
"German,English,Swahili,",1
"Estonian,German,Italian,",1
"Hungarian,German,English,",1
"Serbian,Bulgarian,French,",1
"Swedish,German,English,Spanish,French,Russian,",1
"English,Aboriginal,Pashtu,Punjabi,Cantonese,Dari,",1
"Flemish,Turkish,Dutch,",1
"Malay,Cantonese,Teochew,Mandarin,English,",1
"Galician,Portuguese,",1
"Ukrainian,Russian,Italian,",1
"Tamil,Spanish,Hindi,English,Basque,",1
"Hebrew,Spanish,English,",1
"Dutch,Sranan,",1
"Filipino,Tagalog,English,Korean,",1
"French,Dutch,English,",1
"German,English,Hebrew,",1
"Dutch,None,",1
"Afrikaans,English,Flemish,Dutch,",1
"German,Latvian,",1
"Portuguese,Spanish,Russian,",1
"Spanish,French,Italian,English,German,",1
"Italian,Punjabi,Russian,",1
"Latvian,Russian,",1
"Dutch,Flemish,French,",1
"German,French,English,Russian,",1
"Spanish,French,English,Tagalog,",1
"Bulgarian,Romany,",1
"French,English,Italian,Neapolitan,",1
"English,Dutch,Min Nan,Mandarin,",1
"Swiss German,German,English,",1
"German,German Sign Language,",1
"Polish,English,French,Russian,",1
"English,French,Romanian,Dutch,Mandarin,",1
"Danish,Arabic,English,",1
"Bhojpuri,Punjabi,Hindi,",1
"English,Danish,Italian,",1
"Estonian,Russian,German,",1
"Xhosa,Zulu,English,Afrikaans,",1
"Latin,",1
"English,Japanese,Hebrew,Portuguese,French,Arabic,Filipino,German,",1
"Tamil,French,English,",1
"English,French,Spanish,Catalan,",1
"English,French,Spanish,Ladino,Hebrew,Italian,Portuguese,Latin,",1
"Serbian,Bulgarian,",1
"English,French,Gaelic,",1
"English,Mandarin,French,Spanish,Russian,",1
"Mandarin,Turkish,",1
"French,Kabyle,English,",1
"English,French,Portuguese,",1
"German,Greek,",1
"Bulgarian,Turkish,German,Kurdish,",1
"English,Zulu,Xhosa,Afrikaans,",1
"French,Hebrew,Portuguese,Arabic,",1
"Dutch,French,English,German,Flemish,",1
"Swedish,Norwegian,German,English,",1
"Arabic,English,Turkish,",1
"Hindi,Russian,",1
"English,Burmese,",1
"English,Persian,Spanish,",1
"Korean,English,Tagalog,",1
"Danish,Italian,English,",1
"Hungarian,French,English,",1
"Mandarin,Chinese,Cantonese,English,",1
"Danish,English,Italian,",1
"Slovak,Czech,German,English,",1
"Cantonese,Korean,English,Mandarin,",1
"Polish,Russian,Ukrainian,German,",1
"Spanish,Bambara,French,",1
"Polish,Swedish,",1
"German,Spanish,Swiss German,",1
"Guarani,Spanish,",1
"French,Polish,Russian,",1
"Dutch,Russian,German,Polish,",1
"Portuguese,Italian,French,English,Spanish,",1
"English,German,Russian,Swedish,",1
"English,Spanish,Japanese,French,",1
"English,American Sign Language,French,",1
"English,Russian,German,Italian,",1
"English,Portuguese,Italian,",1
"English,French,Romanian,Latin,",1
"English,Spanish,Hebrew,Arabic,",1
"English,French,Chinese,",1
"English,Indonesian,French,",1
"English,Arabic,Albanian,Romanian,",1
"English,Xhosa,Zulu,French,Spanish,Hindi,",1
"English,German,Italian,French,Spanish,",1
"English,Japanese,Chinese,Spanish,",1
"English,Portuguese,Latin,",1
"English,Cantonese,Hindi,",1
"English,Persian,German,Arabic,",1
"English,Thai,Spanish,French,",1
"English,Welsh,Italian,Latin,Russian,Hungarian,",1
"English,French,Arabic,German,",1
"English,Japanese,Vietnamese,",1
"Hungarian,English,Russian,",1
"Serbian,English,Swedish,",1
"English,Arabic,Urdu,Pashtu,French,",1
"English,Spanish,German,Russian,",1
"Hindi,English,French,",1
"English,Russian,French,Arabic,Swedish,",1
"French,English,Sinhala,Norwegian,",1
"English,Spanish,Russian,German,",1
"English,Spanish,French,Afrikaans,Ukrainian,",1
"English,German,French,Chinese,",1
"English,Mandarin,French,Italian,German,Spanish,Korean,",1
"English,Russian,Italian,Mandarin,French,",1
"English,Japanese,Ukrainian,",1
"English,Thai,Arabic,Spanish,",1
"English,Japanese,Mandarin,",1
"English,Japanese,Cantonese,Mandarin,",1
"English,German,Chaozhou,Spanish,",1
"Korean,Korean Sign Language,",1
"Korean,Thai,English,Japanese,",1
"English,Polish,German,Arabic,Egyptian (Ancient),",1
"English,Egyptian (Ancient),",1
"English,Russian,Hungarian,French,Turkish,",1
"English,French,Turkish,Hebrew,Arabic,Spanish,",1
"English,Spanish,Norwegian,French,Korean,Greek,Vietnamese,",1
"English,Russian,French,Japanese,Italian,Dutch,Spanish,",1
"English,German,French,Spanish,Russian,",1
"Arabic,Amharic,",1
"Tamil,Malayalam,",1
